{"schemaVersion":"1.0","appDefinitionTemplate":{"id":"/providers/Microsoft.PowerApps/apps/","type":"Microsoft.PowerApps/apps","tags":{"primaryDeviceWidth":"1366","primaryDeviceHeight":"768","sienaVersion":"20220217T204054Z-3.22021.27.0","deviceCapabilities":"","supportsPortrait":"true","supportsLandscape":"true","primaryFormFactor":"Tablet","publisherVersion":"3.22021.27","minimumRequiredApiVersion":"2.2.0","hasComponent":"false","hasUnlockedComponent":"false","isUnifiedRootApp":"false"},"properties":{"appVersion":"2022-02-17T20:40:54Z","lifeCycleId":"Published","createdByClientVersion":{"major":3,"minor":22021,"build":27,"revision":0,"majorRevision":0,"minorRevision":0},"minClientVersion":{"major":3,"minor":22021,"build":27,"revision":0,"majorRevision":0,"minorRevision":0},"backgroundColor":"RGBA(0,176,240,1)","backgroundImageUri":"/891588437404341580/Nd33ecfde-c88d-47ad-8710-053f0016c87a-logoSmallFile","displayName":"CrudTeste","description":"","commitMessage":"","appUris":{"documentUri":{"value":"/891588437404341580/Ne1a096de-259d-4630-8586-b2d6d979b5ff-document.msapp"},"imageUris":[]},"createdTime":"0001-01-01T00:00:00Z","lastModifiedTime":"0001-01-01T00:00:00Z","sharedGroupsCount":0,"sharedUsersCount":0,"icons":{"smallIconUri":"/891588437404341580/N36bf8af7-0ad8-4317-a161-dc05c5e3b09e-small.png","mediumIconUri":"/891588437404341580/Nb84ce2a8-4f0f-4ae3-89bc-88951c3abdd5-medium.png","largeIconUri":"/891588437404341580/N98909d64-9b75-4ad1-b9ff-56df323389d0-large.png","wideIconUri":"/891588437404341580/N7c68d813-4e1c-4b38-a240-e18e43c90c55-wide.png"},"connectionReferences":{"554fe240-a85a-4f1a-833c-57fe24b0422d":{"id":"07cf39e4-b694-4c1a-962c-44b5b7160c98","displayName":"SharePoint","iconUri":"https://connectoricons-prod.azureedge.net/releases/v1.0.1550/1.0.1550.2686/sharepointonline/icon.png","dataSources":["Products","Usuario"],"dependencies":[],"dependents":[],"parameterHints":{},"parameterHintsV2":{},"isOnPremiseConnection":false,"bypassConsent":false,"dataSets":{"https://sfk44.sharepoint.com/sites/TesteCrud":{"dataSources":{"Products":{"tableName":"a76debce-ae47-4a1b-98cf-b46dfd82e1aa"},"Usuario":{"tableName":"d696c925-8b3b-4c39-acea-ba0fff98fa75"}}}},"apiTier":"Standard","isCustomApiConnection":false,"actions":["providers/PowerPlatform.Governance/Operations/Read","providers/PowerPlatform.Governance/Operations/Write","providers/PowerPlatform.Governance/Operations/Delete"]}},"databaseReferences":{},"almMode":"Environment","performanceOptimizationEnabled":true,"canConsumeAppPass":true,"executionRestrictions":{"isTeamsOnly":false,"dataLossPreventionEvaluationResult":{"status":"Compliant","lastEvaluationDate":"2022-02-14T23:50:29.4299064Z","violations":[],"violationsByPolicy":[],"violationErrorMessage":"O aplicativo usa os seguintes conectores: shared_sharepointonline."}}},"appType":"ClassicCanvasApp","appComponents":[]}}